{
    "0":{
        "prox":{
            "angle":0.2396064029,
            "qdec_angle":0,
            "error":0.2396064029,
            "base_id":1,
            "target_id":2,
            "frame":2
        },
        "med":{
            "angle":0.0573437118,
            "qdec_angle":0,
            "error":0.0573437118,
            "base_id":2,
            "target_id":3,
            "frame":2
        },
        "dist":{
            "angle":0.0964900035,
            "qdec_angle":0,
            "error":0.0964900035,
            "base_id":3,
            "target_id":4,
            "frame":2
        }
    },
    "1":{
        "prox":{
            "angle":0.2396064029,
            "qdec_angle":0,
            "error":0.2396064029,
            "base_id":1,
            "target_id":2,
            "frame":4
        },
        "med":{
            "angle":0.0573437118,
            "qdec_angle":0,
            "error":0.0573437118,
            "base_id":2,
            "target_id":3,
            "frame":4
        },
        "dist":{
            "angle":0.0964900035,
            "qdec_angle":0,
            "error":0.0964900035,
            "base_id":3,
            "target_id":4,
            "frame":4
        }
    },
    "2":{
        "prox":{
            "angle":0.2396064029,
            "qdec_angle":0,
            "error":0.2396064029,
            "base_id":1,
            "target_id":2,
            "frame":6
        },
        "med":{
            "angle":0.0573437118,
            "qdec_angle":0,
            "error":0.0573437118,
            "base_id":2,
            "target_id":3,
            "frame":6
        },
        "dist":{
            "angle":0.0964900035,
            "qdec_angle":0,
            "error":0.0964900035,
            "base_id":3,
            "target_id":4,
            "frame":6
        }
    },
    "3":{
        "prox":{
            "angle":0.2396064029,
            "qdec_angle":0,
            "error":0.2396064029,
            "base_id":1,
            "target_id":2,
            "frame":8
        },
        "med":{
            "angle":0.0573437118,
            "qdec_angle":0,
            "error":0.0573437118,
            "base_id":2,
            "target_id":3,
            "frame":8
        },
        "dist":{
            "angle":0.0964900035,
            "qdec_angle":0,
            "error":0.0964900035,
            "base_id":3,
            "target_id":4,
            "frame":8
        }
    },
    "4":{
        "prox":{
            "angle":0.2396064029,
            "qdec_angle":0,
            "error":0.2396064029,
            "base_id":1,
            "target_id":2,
            "frame":10
        },
        "med":{
            "angle":0.0573437118,
            "qdec_angle":0,
            "error":0.0573437118,
            "base_id":2,
            "target_id":3,
            "frame":10
        },
        "dist":{
            "angle":0.0964900035,
            "qdec_angle":0,
            "error":0.0964900035,
            "base_id":3,
            "target_id":4,
            "frame":10
        }
    },
    "5":{
        "prox":{
            "angle":0.2396064029,
            "qdec_angle":0,
            "error":0.2396064029,
            "base_id":1,
            "target_id":2,
            "frame":12
        },
        "med":{
            "angle":0.0573437118,
            "qdec_angle":0,
            "error":0.0573437118,
            "base_id":2,
            "target_id":3,
            "frame":12
        },
        "dist":{
            "angle":0.0964900035,
            "qdec_angle":0,
            "error":0.0964900035,
            "base_id":3,
            "target_id":4,
            "frame":12
        }
    },
    "6":{
        "prox":{
            "angle":0.2396064029,
            "qdec_angle":0,
            "error":0.2396064029,
            "base_id":1,
            "target_id":2,
            "frame":14
        },
        "med":{
            "angle":0.0573437118,
            "qdec_angle":0,
            "error":0.0573437118,
            "base_id":2,
            "target_id":3,
            "frame":14
        },
        "dist":{
            "angle":0.0964900035,
            "qdec_angle":0,
            "error":0.0964900035,
            "base_id":3,
            "target_id":4,
            "frame":14
        }
    },
    "7":{
        "prox":{
            "angle":0.2396064029,
            "qdec_angle":0,
            "error":0.2396064029,
            "base_id":1,
            "target_id":2,
            "frame":16
        },
        "med":{
            "angle":0.0573437118,
            "qdec_angle":0,
            "error":0.0573437118,
            "base_id":2,
            "target_id":3,
            "frame":16
        },
        "dist":{
            "angle":0.0964900035,
            "qdec_angle":0,
            "error":0.0964900035,
            "base_id":3,
            "target_id":4,
            "frame":16
        }
    },
    "8":{
        "prox":{
            "angle":0.2396064029,
            "qdec_angle":0,
            "error":0.2396064029,
            "base_id":1,
            "target_id":2,
            "frame":18
        },
        "med":{
            "angle":0.0573437118,
            "qdec_angle":0,
            "error":0.0573437118,
            "base_id":2,
            "target_id":3,
            "frame":18
        },
        "dist":{
            "angle":0.0964900035,
            "qdec_angle":0,
            "error":0.0964900035,
            "base_id":3,
            "target_id":4,
            "frame":18
        }
    },
    "9":{
        "prox":{
            "angle":0.2396064029,
            "qdec_angle":0,
            "error":0.2396064029,
            "base_id":1,
            "target_id":2,
            "frame":20
        },
        "med":{
            "angle":0.0573437118,
            "qdec_angle":0,
            "error":0.0573437118,
            "base_id":2,
            "target_id":3,
            "frame":20
        },
        "dist":{
            "angle":0.0964900035,
            "qdec_angle":0,
            "error":0.0964900035,
            "base_id":3,
            "target_id":4,
            "frame":20
        }
    },
    "10":{
        "prox":{
            "angle":0.2396064029,
            "qdec_angle":0,
            "error":0.2396064029,
            "base_id":1,
            "target_id":2,
            "frame":22
        },
        "med":{
            "angle":0.0573437118,
            "qdec_angle":0,
            "error":0.0573437118,
            "base_id":2,
            "target_id":3,
            "frame":22
        },
        "dist":{
            "angle":0.0964900035,
            "qdec_angle":0,
            "error":0.0964900035,
            "base_id":3,
            "target_id":4,
            "frame":22
        }
    },
    "11":{
        "prox":{
            "angle":0.2396064029,
            "qdec_angle":0,
            "error":0.2396064029,
            "base_id":1,
            "target_id":2,
            "frame":24
        },
        "med":{
            "angle":0.0573437118,
            "qdec_angle":0,
            "error":0.0573437118,
            "base_id":2,
            "target_id":3,
            "frame":24
        },
        "dist":{
            "angle":0.0964900035,
            "qdec_angle":0,
            "error":0.0964900035,
            "base_id":3,
            "target_id":4,
            "frame":24
        }
    },
    "12":{
        "prox":{
            "angle":0.2396064029,
            "qdec_angle":0,
            "error":0.2396064029,
            "base_id":1,
            "target_id":2,
            "frame":26
        },
        "med":{
            "angle":0.0573437118,
            "qdec_angle":0,
            "error":0.0573437118,
            "base_id":2,
            "target_id":3,
            "frame":26
        },
        "dist":{
            "angle":0.0964900035,
            "qdec_angle":0,
            "error":0.0964900035,
            "base_id":3,
            "target_id":4,
            "frame":26
        }
    },