{
    "proximal": {
        "rmse_rad": 0.00898941684834277,
        "rmse_deg": 0.5150556456938347,
        "mean_err_rad": 0.007197246401861188,
        "mean_err_deg": 0.4123718429423637
    },
    "medial": {
        "rmse_rad": 0.010736148124345844,
        "rmse_deg": 0.6151359757523118,
        "mean_err_rad": 0.0087702283654905,
        "mean_err_deg": 0.5024970707085241
    },
    "distal": {
        "rmse_rad": 0.01186526405773765,
        "rmse_deg": 0.6798295533166369,
        "mean_err_rad": 0.009832860142303218,
        "mean_err_deg": 0.5633813866963805
    },
    "rmse_rad": 0.010596524319810475,
    "mean_err_rad": 0.008600111636551635,
    "rmse_deg": 0.6071361210328756,
    "mean_err_deg": 0.49275010011575604,
    "mpjpe_rad": 0.00860011163520747,
    "mpjpe_deg": 0.4927501000387411
}