{
    "proximal": {
        "rmse_rad": 0.008282742752838202,
        "mean_err_rad": 0.006226751638430421,
        "rmse_deg": 0.47456620253019816,
        "mean_err_deg": 0.35676658895823354,
        "mpjpe": 0.2911946613555638
    },
    "medial": {
        "rmse_rad": 0.008645092705321501,
        "mean_err_rad": 0.007014013113106796,
        "rmse_deg": 0.49532732551425707,
        "mean_err_deg": 0.40187334883043513,
        "mpjpe": 0.3039337231439337
    },
    "distal": {
        "rmse_rad": 0.012066417382975316,
        "mean_err_rad": 0.009710892687783173,
        "rmse_deg": 0.6913547898877775,
        "mean_err_deg": 0.556393166314428,
        "mpjpe": 0.42421652204595794
    },
    "rmse_rad": 0.009813933697443745,
    "mean_err_rad": 0.007650552479773464,
    "rmse_deg": 0.5622969812847456,
    "mean_err_deg": 0.4383443680343656,
    "mpjpe_rad": 0.5976032935341667,
    "mpjpe_deg": 34.24014654262543
}